{"cameraMode":{"drawMode":0,"name":"Shaded","section":"Shading Mode"},"sceneLighting":false,"audioPlay":false,"sceneViewState":{"m_AlwaysRefresh":false,"showFog":true,"showSkybox":false,"showFlares":true,"showImageEffects":true,"showParticleSystems":true,"showVisualEffectGraphs":true,"m_FxEnabled":false},"in2DMode":false,"pivot":{"x":-0.056706905364990237,"y":0.06041055917739868,"z":2.5871965885162355},"rotation":{"x":0.10190404206514359,"y":-0.718350887298584,"z":0.10769420862197876,"w":0.6797459721565247},"size":1.0812489986419678,"orthographic":false}