{"cameraMode":{"drawMode":0,"name":"Shaded","section":"Shading Mode"},"sceneLighting":false,"audioPlay":false,"sceneViewState":{"m_AlwaysRefresh":false,"showFog":true,"showSkybox":false,"showFlares":true,"showImageEffects":true,"showParticleSystems":true,"showVisualEffectGraphs":true,"m_FxEnabled":false},"in2DMode":false,"pivot":{"x":0.1313871145248413,"y":-0.23246252536773683,"z":0.7071044445037842},"rotation":{"x":0.0996520072221756,"y":-0.6763808727264404,"z":0.09311721473932266,"w":0.7238596081733704},"size":0.7394722104072571,"orthographic":false}