{"cameraMode":{"drawMode":0,"name":"Shaded","section":"Shading Mode"},"sceneLighting":false,"audioPlay":false,"sceneViewState":{"m_AlwaysRefresh":false,"showFog":true,"showSkybox":true,"showFlares":true,"showImageEffects":true,"showParticleSystems":true,"showVisualEffectGraphs":true,"m_FxEnabled":false},"in2DMode":false,"pivot":{"x":-19.574670791625978,"y":0.7273180484771729,"z":-60.741939544677737},"rotation":{"x":0.11777042597532273,"y":0.6911049485206604,"z":-0.11579103767871857,"w":0.7037844061851502},"size":3.5809948444366457,"orthographic":false}