{"cameraMode":{"drawMode":0,"name":"Shaded","section":"Shading Mode"},"sceneLighting":false,"audioPlay":false,"sceneViewState":{"m_AlwaysRefresh":false,"showFog":true,"showSkybox":true,"showFlares":true,"showImageEffects":true,"showParticleSystems":true,"showVisualEffectGraphs":true,"m_FxEnabled":false},"in2DMode":false,"pivot":{"x":-26.814462661743165,"y":-1.3249015808105469,"z":-18.679105758666993},"rotation":{"x":0.013314953073859215,"y":0.8264458775520325,"z":-0.5628955960273743,"w":0.02169293537735939},"size":23.303810119628908,"orthographic":false}