{"cameraMode":{"drawMode":0,"name":"Shaded","section":"Shading Mode"},"sceneLighting":false,"audioPlay":false,"sceneViewState":{"m_AlwaysRefresh":false,"showFog":true,"showSkybox":true,"showFlares":true,"showImageEffects":true,"showParticleSystems":true,"showVisualEffectGraphs":true,"m_FxEnabled":false},"in2DMode":false,"pivot":{"x":-24.73021125793457,"y":-0.2387751340866089,"z":-54.155494689941409},"rotation":{"x":-0.007207947317510843,"y":-0.9874277710914612,"z":0.1516672819852829,"w":-0.04788102209568024},"size":2.9551150798797609,"orthographic":false}