{"cameraMode":{"drawMode":0,"name":"Shaded","section":"Shading Mode"},"sceneLighting":false,"audioPlay":false,"sceneViewState":{"m_AlwaysRefresh":false,"showFog":true,"showSkybox":true,"showFlares":true,"showImageEffects":true,"showParticleSystems":true,"showVisualEffectGraphs":true,"m_FxEnabled":false},"in2DMode":false,"pivot":{"x":-23.89043426513672,"y":2.1778268814086916,"z":-62.27400207519531},"rotation":{"x":0.03501533344388008,"y":0.2636609971523285,"z":-0.009577334858477116,"w":0.9639338254928589},"size":2.0759432315826418,"orthographic":false}