{"cameraMode":{"drawMode":0,"name":"Shaded","section":"Shading Mode"},"sceneLighting":false,"audioPlay":false,"sceneViewState":{"m_AlwaysRefresh":false,"showFog":true,"showSkybox":true,"showFlares":true,"showImageEffects":true,"showParticleSystems":true,"showVisualEffectGraphs":true,"m_FxEnabled":false},"in2DMode":false,"pivot":{"x":-25.22443199157715,"y":1.0008455514907838,"z":-62.344093322753909},"rotation":{"x":0.013061437755823136,"y":-0.9828006029129028,"z":0.16850274801254273,"w":0.0756009966135025},"size":1.0792253017425538,"orthographic":false}