{"cameraMode":{"drawMode":0,"name":"Shaded","section":"Shading Mode"},"sceneLighting":false,"audioPlay":false,"sceneViewState":{"m_AlwaysRefresh":false,"showFog":true,"showSkybox":true,"showFlares":true,"showImageEffects":true,"showParticleSystems":true,"showVisualEffectGraphs":true,"m_FxEnabled":false},"in2DMode":false,"pivot":{"x":381.7524108886719,"y":403.4792785644531,"z":264.874267578125},"rotation":{"x":0.009615662507712841,"y":-0.007618738804012537,"z":0.0015841723652556539,"w":-1.000217080116272},"size":509.4029235839844,"orthographic":false}