{"cameraMode":{"drawMode":0,"name":"Shaded","section":"Shading Mode"},"sceneLighting":false,"audioPlay":false,"sceneViewState":{"m_AlwaysRefresh":false,"showFog":true,"showSkybox":true,"showFlares":true,"showImageEffects":true,"showParticleSystems":true,"showVisualEffectGraphs":true,"m_FxEnabled":false},"in2DMode":false,"pivot":{"x":-26.61812400817871,"y":1.6226922273635865,"z":-61.88707733154297},"rotation":{"x":0.005055691581219435,"y":0.9940879940986633,"z":0.09484317153692246,"w":-0.056454312056303027},"size":0.8804538249969482,"orthographic":false}