{"cameraMode":{"drawMode":0,"name":"Shaded","section":"Shading Mode"},"sceneLighting":false,"audioPlay":false,"sceneViewState":{"m_AlwaysRefresh":false,"showFog":true,"showSkybox":true,"showFlares":true,"showImageEffects":true,"showParticleSystems":true,"showVisualEffectGraphs":true,"m_FxEnabled":false},"in2DMode":false,"pivot":{"x":-23.368867874145509,"y":0.8468921780586243,"z":-61.81733703613281},"rotation":{"x":-0.07617771625518799,"y":0.11995122581720352,"z":-0.009228612296283245,"w":-0.9898163676261902},"size":0.9433984160423279,"orthographic":false}