{"cameraMode":{"drawMode":0,"name":"Shaded","section":"Shading Mode"},"sceneLighting":false,"audioPlay":false,"sceneViewState":{"m_AlwaysRefresh":false,"showFog":true,"showSkybox":false,"showFlares":true,"showImageEffects":true,"showParticleSystems":true,"showVisualEffectGraphs":true,"m_FxEnabled":false},"in2DMode":false,"pivot":{"x":8.207365989685059,"y":1.8589814901351929,"z":-0.7312743663787842},"rotation":{"x":0.0016973360907286406,"y":0.9958697557449341,"z":-0.039900317788124087,"w":0.08502446115016937},"size":0.003760268446058035,"orthographic":false}