{"cameraMode":{"drawMode":0,"name":"Shaded","section":"Shading Mode"},"sceneLighting":false,"audioPlay":false,"sceneViewState":{"m_AlwaysRefresh":false,"showFog":true,"showSkybox":false,"showFlares":true,"showImageEffects":true,"showParticleSystems":true,"showVisualEffectGraphs":true,"m_FxEnabled":false},"in2DMode":false,"pivot":{"x":-24.714235305786134,"y":0.6340000033378601,"z":-60.14426803588867},"rotation":{"x":-0.03480017930269241,"y":0.012589260935783387,"z":-0.00043540756450966,"w":-0.9993211627006531},"size":0.9432213306427002,"orthographic":false}